title,link,summary
```
Title,Link,Summary
Budget Hotels in Goa (Booking.com),https://www.booking.com/searchresults.html?ss=Goa&checkin=2025-05-01&checkout=2025-05-05&group_adults=2,Search and compare 4-night stays for 2 guests within budget — many options under $70/night in May.
Goa Itinerary Ideas (Google Search),http://www.google.com/search?q=Goa+itinerary+May+5+days&hl=en,Browse curated 5-day Goa itineraries tailored for short trips covering North and South Goa.
Top Goa Attractions (Google Search),http://www.google.com/search?q=Goa+attractions&hl=en,Discover top-rated sights including Basilica of Bom Jesus / Se Cathedral / Fort Aguada and beaches.
Dudhsagar Waterfalls Day Trip,https://www.google.com/search?q=Dudhsagar+Waterfalls+tour+booking+Goa&hl=en,Book a jeep safari to one of India's tallest waterfalls — best done early morning; ~₹1200 per person.
Best Goa Restaurants & Shacks,http://www.google.com/search?q=Goa+restaurants&hl=en,Find top-rated seafood shacks and Goan tavernas — try Brittos (Baga) / Gunpowder (Assagao) / Martin's Corner.
Goa Hidden Gems & Offbeat Spots,http://www.google.com/search?q=Goa+hidden+gems&hl=en,Explore lesser-known spots like Divar Island / Butterfly Beach / Fontainhas heritage quarter.
Scooter Rental in Goa,https://www.google.com/search?q=scooter+rental+Goa+per+day+price&hl=en,Rent a scooter for ₹300–400/day — the cheapest and most flexible way to explore both North and South Goa.
Palolem Beach – South Goa,https://www.google.com/search?q=Palolem+Beach+Goa+things+to+do&hl=en,Crescent-shaped beach ideal for kayaking / dolphin spotting / and relaxed beachside dining.